model_name,display_name,model_type,family,architecture,config_name,train_fraction,train_samples,macro_corr,macro_corr_std,macro_corr_min,macro_corr_max,macro_corr_count,macro_snr,macro_snr_std,macro_snr_min,macro_snr_max,macro_snr_count,test_loss,test_loss_std,test_loss_min,test_loss_max,test_loss_count,module_count,module_count_std,module_count_min,module_count_max,module_count_count,parameters,parameters_std,parameters_min,parameters_max,parameters_count,inference_time_ms,inference_time_ms_std,inference_time_ms_min,inference_time_ms_max,inference_time_ms_count,training_time_s,training_time_s_std,training_time_s_min,training_time_s_max,training_time_s_count,peak_memory_mb,peak_memory_mb_std,peak_memory_mb_min,peak_memory_mb_max,peak_memory_mb_count,total_flops,total_flops_std,total_flops_min,total_flops_max,total_flops_count,estimated_energy,estimated_energy_std,estimated_energy_min,estimated_energy_max,estimated_energy_count,accuracy_per_training_second,accuracy_per_training_second_std,accuracy_per_training_second_min,accuracy_per_training_second_max,accuracy_per_training_second_count,snr_per_training_second,snr_per_training_second_std,snr_per_training_second_min,snr_per_training_second_max,snr_per_training_second_count,accuracy_per_1000_parameters,accuracy_per_1000_parameters_std,accuracy_per_1000_parameters_min,accuracy_per_1000_parameters_max,accuracy_per_1000_parameters_count,snr_per_1000_parameters,snr_per_1000_parameters_std,snr_per_1000_parameters_min,snr_per_1000_parameters_max,snr_per_1000_parameters_count,accuracy_per_inference_ms,accuracy_per_inference_ms_std,accuracy_per_inference_ms_min,accuracy_per_inference_ms_max,accuracy_per_inference_ms_count,snr_per_inference_ms,snr_per_inference_ms_std,snr_per_inference_ms_min,snr_per_inference_ms_max,snr_per_inference_ms_count,accuracy_per_sample,accuracy_per_sample_std,accuracy_per_sample_min,accuracy_per_sample_max,accuracy_per_sample_count,seed_count,macro_corr_sem,macro_corr_ci95,macro_snr_sem,macro_snr_ci95,test_loss_sem,test_loss_ci95
tasnet,TasNet,DNN,tasnet,tasnet,,1.0,8000.0,0.9347157604469225,,0.9347157604469225,0.9347157604469225,1,8.978874880924309,,8.978874880924309,8.978874880924309,1,0.13216790318489074,,0.13216790318489074,0.13216790318489074,1,0.0,,0,0,1,2503296.0,,2503296.0,2503296.0,1,60.89694000000012,,60.89694000000012,60.89694000000012,1,10072.054724,,10072.054724,10072.054724,1,,,,,0,,,,,0,,,,,0,9.280288740088487e-05,,9.280288740088487e-05,9.280288740088487e-05,1,0.0008914640683523265,,0.0008914640683523265,0.0008914640683523265,1,0.0003733940215008223,,0.0003733940215008223,0.0003733940215008223,1,0.0035868210874480323,,0.0035868210874480323,0.0035868210874480323,1,0.01534914168834954,,0.01534914168834954,0.01534914168834954,1,0.14744377764998193,,0.14744377764998193,0.14744377764998193,1,0.00011683947005586531,,0.00011683947005586531,0.00011683947005586531,1,1,,,,,,
unet1d,UNet1D,DNN,unet,unet,,1.0,8000.0,0.8941169274742142,,0.8941169274742142,0.8941169274742142,1,7.398852053601261,,7.398852053601261,7.398852053601261,1,0.15877111196517946,,0.15877111196517946,0.15877111196517946,1,0.0,,0,0,1,2710819.0,,2710819.0,2710819.0,1,21.702780000000036,,21.702780000000036,21.702780000000036,1,4045.382972,,4045.382972,4045.382972,1,,,,,0,,,,,0,,,,,0,0.00022102157784882628,,0.00022102157784882628,0.00022102157784882628,1,0.001828962079687436,,0.001828962079687436,0.001828962079687436,1,0.0003298327654757526,,0.0003298327654757526,0.0003298327654757526,1,0.002729378853254777,,0.002729378853254777,0.002729378853254777,1,0.04119826711021412,,0.04119826711021412,0.04119826711021412,1,0.3409172490160822,,0.3409172490160822,0.3409172490160822,1,0.00011176461593427678,,0.00011176461593427678,0.00011176461593427678,1,1,,,,,,
unet1d,UNet1D,DNN,unet,unet,,0.75,6000.0,0.8800427993324463,,0.8800427993324463,0.8800427993324463,1,7.166305068232628,,7.166305068232628,7.166305068232628,1,0.175801500082016,,0.175801500082016,0.175801500082016,1,0.0,,0,0,1,2710819.0,,2710819.0,2710819.0,1,20.078459999999957,,20.078459999999957,20.078459999999957,1,2983.988591,,2983.988591,2983.988591,1,,,,,0,,,,,0,,,,,0,0.00029492163676052285,,0.00029492163676052285,0.00029492163676052285,1,0.0024015859476966173,,0.0024015859476966173,0.0024015859476966173,1,0.00032464092930308014,,0.00032464092930308014,0.00032464092930308014,1,0.002643594082907279,,0.002643594082907279,0.002643594082907279,1,0.04383019411510884,,0.04383019411510884,0.04383019411510884,1,0.3569150755701704,,0.3569150755701704,0.3569150755701704,1,0.00014667379988874107,,0.00014667379988874107,0.00014667379988874107,1,1,,,,,,
unet1d,UNet1D,DNN,unet,unet,,0.25,2000.0,0.8428469345575076,,0.8428469345575076,0.8428469345575076,1,6.139492541276734,,6.139492541276734,6.139492541276734,1,0.2095617127418518,,0.2095617127418518,0.2095617127418518,1,0.0,,0,0,1,2710819.0,,2710819.0,2710819.0,1,18.38292000000008,,18.38292000000008,18.38292000000008,1,667.219221,,667.219221,667.219221,1,,,,,0,,,,,0,,,,,0,0.0012632234024887417,,0.0012632234024887417,0.0012632234024887417,1,0.009201612225851532,,0.009201612225851532,0.009201612225851532,1,0.00031091966470557703,,0.00031091966470557703,0.00031091966470557703,1,0.002264810945060048,,0.002264810945060048,0.002264810945060048,1,0.045849458875820814,,0.045849458875820814,0.045849458875820814,1,0.33397809168928044,,0.33397809168928044,0.33397809168928044,1,0.0004214234672787538,,0.0004214234672787538,0.0004214234672787538,1,1,,,,,,
sepformer,SepFormer,DNN,sepformer,sepformer,,0.564,4512.0,0.841449532267773,,0.841449532267773,0.841449532267773,1,5.951174931367793,,5.951174931367793,5.951174931367793,1,0.05724945306777954,,0.05724945306777954,0.05724945306777954,1,0.0,,0,0,1,601088.0,,601088.0,601088.0,1,20.43399999999984,,20.43399999999984,20.43399999999984,1,3171.22,,3171.22,3171.22,1,,,,,0,,,,,0,,,,,0,0.00026533937483611133,,0.00026533937483611133,0.00026533937483611133,1,0.001876620017333327,,0.001876620017333327,0.001876620017333327,1,0.0013998774426835555,,0.0013998774426835555,0.0013998774426835555,1,0.009900671667655639,,0.009900671667655639,0.009900671667655639,1,0.04117889460055689,,0.04117889460055689,0.04117889460055689,1,0.2912388632361671,,0.2912388632361671,0.2912388632361671,1,0.000186491474350127,,0.000186491474350127,0.000186491474350127,1,1,,,,,,
sepformer,SepFormer,DNN,sepformer,sepformer,,1.0,8000.0,0.8305565449570773,,0.8305565449570773,0.8305565449570773,1,5.719980325070204,,5.719980325070204,5.719980325070204,1,0.1839870524406433,,0.1839870524406433,0.1839870524406433,1,0.0,,0,0,1,601088.0,,601088.0,601088.0,1,13.138920000000008,,13.138920000000008,13.138920000000008,1,3959.092119,,3959.092119,3959.092119,1,,,,,0,,,,,0,,,,,0,0.00020978459707243739,,0.00020978459707243739,0.00020978459707243739,1,0.0014447707083196071,,0.0014447707083196071,0.0014447707083196071,1,0.001381755325271969,,0.001381755325271969,0.001381755325271969,1,0.009516044780581552,,0.009516044780581552,0.009516044780581552,1,0.06321345627776688,,0.06321345627776688,0.06321345627776688,1,0.4353463089104889,,0.4353463089104889,0.4353463089104889,1,0.00010381956811963466,,0.00010381956811963466,0.00010381956811963466,1,1,,,,,,
sepformer,SepFormer,DNN,sepformer,sepformer,,0.5,4000.0,0.8203086096643486,,0.8203086096643486,0.8203086096643486,1,5.487244279333515,,5.487244279333515,5.487244279333515,1,0.1977774167060852,,0.1977774167060852,0.1977774167060852,1,0.0,,0,0,1,601088.0,,601088.0,601088.0,1,10.904479999999994,,10.904479999999994,10.904479999999994,1,2007.1771,,2007.1771,2007.1771,1,,,,,0,,,,,0,,,,,0,0.00040868770855563693,,0.00040868770855563693,0.00040868770855563693,1,0.002733811719620314,,0.002733811719620314,0.002733811719620314,1,0.0013647063485951285,,0.0013647063485951285,0.0013647063485951285,1,0.009128853477915904,,0.009128853477915904,0.009128853477915904,1,0.07522675172629498,,0.07522675172629498,0.07522675172629498,1,0.5032100824004003,,0.5032100824004003,0.5032100824004003,1,0.00020507715241608715,,0.00020507715241608715,0.00020507715241608715,1,1,,,,,,
attention_stem_bilinear_fusion_multiple_head_multiscale_branches,Attention-Stem Bilinear-Fusion Multi-Head Multiscale Branches,SNN,conv1d,conv1d,,,,0.8036347638450214,,0.8036347638450214,0.8036347638450214,1,4.828522928934773,,4.828522928934773,4.828522928934773,1,0.08411800394455592,,0.08411800394455592,0.08411800394455592,1,5.0,,5,5,1,29302.0,,29302.0,29302.0,1,12.08100000000023,,12.08100000000023,12.08100000000023,1,,,,,0,,,,,0,,,,,0,,,,,0,,,,,0,,,,,0,0.02742593556224904,,0.02742593556224904,0.02742593556224904,1,0.1647847562942725,,0.1647847562942725,0.1647847562942725,1,0.06652054994164441,,0.06652054994164441,0.06652054994164441,1,0.3996790769749757,,0.3996790769749757,0.3996790769749757,1,,,,,0,1,,,,,,
attention_stem_bilinear_fusion_multiple_head_multiscale_branches,Attention-Stem Bilinear-Fusion Multi-Head Multiscale Branches,SNN,conv1d,conv1d,,1.0,8000.0,0.7982810587515242,,0.7982810587515242,0.7982810587515242,1,4.876681070769236,,4.876681070769236,4.876681070769236,1,0.21744011223316193,,0.21744011223316193,0.21744011223316193,1,5.0,,5,5,1,29302.0,,29302.0,29302.0,1,9.37943999999997,,9.37943999999997,9.37943999999997,1,2481.708534,,2481.708534,2481.708534,1,,,,,0,,,,,0,,,,,0,0.0003216659199961974,,0.0003216659199961974,0.0003216659199961974,1,0.00196504988557582,,0.00196504988557582,0.00196504988557582,1,0.02724322772341561,,0.02724322772341561,0.02724322772341561,1,0.166428266697469,,0.166428266697469,0.166428266697469,1,0.08510967165966483,,0.08510967165966483,0.08510967165966483,1,0.5199330739115823,,0.5199330739115823,0.5199330739115823,1,9.978513234394053e-05,,9.978513234394053e-05,9.978513234394053e-05,1,1,,,,,,
attention_stem_bilinear_fusion_multiple_head_multiscale_branches,Attention-Stem Bilinear-Fusion Multi-Head Multiscale Branches,SNN,conv1d,conv1d,,0.5,4000.0,0.7971486012980452,,0.7971486012980452,0.7971486012980452,1,4.753652151118462,,4.753652151118462,4.753652151118462,1,0.22754033982753755,,0.22754033982753755,0.22754033982753755,1,5.0,,5,5,1,29302.0,,29302.0,29302.0,1,7.464459999999829,,7.464459999999829,7.464459999999829,1,973.315317,,973.315317,973.315317,1,,,,,0,,,,,0,,,,,0,0.0008190034487025803,,0.0008190034487025803,0.0008190034487025803,1,0.004883979598482433,,0.004883979598482433,0.004883979598482433,1,0.02720457993645639,,0.02720457993645639,0.02720457993645639,1,0.162229614057691,,0.162229614057691,0.162229614057691,1,0.10679253439606662,,0.10679253439606662,0.10679253439606662,1,0.6368380500556733,,0.6368380500556733,0.6368380500556733,1,0.0001992871503245113,,0.0001992871503245113,0.0001992871503245113,1,1,,,,,,
fuse_shallow,Fuse Shallow,SNN,conv1d,conv1d,,0.75,6000.0,0.7828923612728644,,0.7828923612728644,0.7828923612728644,1,4.51805892757533,,4.51805892757533,4.51805892757533,1,0.25173721194267273,,0.25173721194267273,0.25173721194267273,1,2.0,,2,2,1,5859.0,,5859.0,5859.0,1,3.6382199999999365,,3.6382199999999365,3.6382199999999365,1,437.551995,,437.551995,437.551995,1,,,,,0,,,,,0,,,,,0,0.0017892556089770873,,0.0017892556089770873,0.0017892556089770873,1,0.010325764661581147,,0.010325764661581147,0.010325764661581147,1,0.13362218147685004,,0.13362218147685004,0.13362218147685004,1,0.7711314093830569,,0.7711314093830569,0.7711314093830569,1,0.2151855471282325,,0.2151855471282325,0.2151855471282325,1,1.2418322497197556,,1.2418322497197556,1.2418322497197556,1,0.00013048206021214407,,0.00013048206021214407,0.00013048206021214407,1,1,,,,,,
fuse_shallow,Fuse Shallow,SNN,conv1d,conv1d,,0.5,4000.0,0.7730807755070964,,0.7730807755070964,0.7730807755070964,1,4.294729036048174,,4.294729036048174,4.294729036048174,1,0.24427135050296783,,0.24427135050296783,0.24427135050296783,1,2.0,,2,2,1,5859.0,,5859.0,5859.0,1,3.4778599999999216,,3.4778599999999216,3.4778599999999216,1,299.722866,,299.722866,299.722866,1,,,,,0,,,,,0,,,,,0,0.0025793186413314772,,0.0025793186413314772,0.0025793186413314772,1,0.014329000297388633,,0.014329000297388633,0.014329000297388633,1,0.13194756366395227,,0.13194756366395227,0.13194756366395227,1,0.7330140017149981,,0.7330140017149981,0.7330140017149981,1,0.2222863414591484,,0.2222863414591484,0.2222863414591484,1,1.2348769174286114,,1.2348769174286114,1.2348769174286114,1,0.00019327019387677412,,0.00019327019387677412,0.00019327019387677412,1,1,,,,,,
multiscale_branches,Multiscale Branches,SNN,conv1d,conv1d,,0.5,4000.0,0.7685594971155169,,0.7685594971155169,0.7685594971155169,1,4.102684168956858,,4.102684168956858,4.102684168956858,1,0.2542738407850266,,0.2542738407850266,0.2542738407850266,1,2.0,,2,2,1,5859.0,,5859.0,5859.0,1,2.202119999999974,,2.202119999999974,2.202119999999974,1,398.392646,,398.392646,398.392646,1,,,,,0,,,,,0,,,,,0,0.0019291508134804197,,0.0019291508134804197,0.0019291508134804197,1,0.010298092121300999,,0.010298092121300999,0.010298092121300999,1,0.1311758827642118,,0.1311758827642118,0.1311758827642118,1,0.7002362466217543,,0.7002362466217543,0.7002362466217543,1,0.34900890828634495,,0.34900890828634495,0.34900890828634495,1,1.8630611269853172,,1.8630611269853172,1.8630611269853172,1,0.00019213987427887922,,0.00019213987427887922,0.00019213987427887922,1,1,,,,,,
conv1Dnetwork,conv1Dnetwork,SNN,unknown,unknown,,0.5,4000.0,0.6961952418164021,,0.6961952418164021,0.6961952418164021,1,3.0361816006788387,,3.0361816006788387,3.0361816006788387,1,0.2957029616832733,,0.2957029616832733,0.2957029616832733,1,0.0,,0,0,1,5443.0,,5443.0,5443.0,1,1.8749799999999262,,1.8749799999999262,1.8749799999999262,1,312.356608,,312.356608,312.356608,1,,,,,0,,,,,0,,,,,0,0.0022288474902903356,,0.0022288474902903356,0.0022288474902903356,1,0.009720241297660777,,0.009720241297660777,0.009720241297660777,1,0.12790652982112846,,0.12790652982112846,0.12790652982112846,1,0.5578139997572734,,0.5578139997572734,0.5578139997572734,1,0.3713080895883847,,0.3713080895883847,0.3713080895883847,1,1.619314126379459,,1.619314126379459,1.619314126379459,1,0.00017404881045410053,,0.00017404881045410053,0.00017404881045410053,1,1,,,,,,
conv1Dnetwork,conv1Dnetwork,SNN,unknown,unknown,,0.75,6000.0,0.6895060390624451,,0.6895060390624451,0.6895060390624451,1,2.9376089940487833,,2.9376089940487833,2.9376089940487833,1,0.3112958788871765,,0.3112958788871765,0.3112958788871765,1,0.0,,0,0,1,5443.0,,5443.0,5443.0,1,1.0397399999999557,,1.0397399999999557,1.0397399999999557,1,457.228666,,457.228666,457.228666,1,,,,,0,,,,,0,,,,,0,0.001508011396342427,,0.001508011396342427,0.001508011396342427,1,0.006424813692780985,,0.006424813692780985,0.006424813692780985,1,0.12667757469455174,,0.12667757469455174,0.12667757469455174,1,0.5397040224230725,,0.5397040224230725,0.5397040224230725,1,0.6631523641126382,,0.6631523641126382,0.6631523641126382,1,2.8253303653306676,,2.8253303653306676,2.8253303653306676,1,0.00011491767317707418,,0.00011491767317707418,0.00011491767317707418,1,1,,,,,,
mlp_singlehead,SingleHead MLP,SNN,mlp,mlp,,1.0,8000.0,0.5574956611452917,,0.5574956611452917,0.5574956611452917,1,1.3463357869243435,,1.3463357869243435,1.3463357869243435,1,0.3949497067928314,,0.3949497067928314,0.3949497067928314,1,0.0,,0,0,1,643.0,,643.0,643.0,1,0.3207800000000205,,0.3207800000000205,0.3207800000000205,1,694.642069,,694.642069,694.642069,1,,,,,0,,,,,0,,,,,0,0.0008025653585131363,,0.0008025653585131363,0.0008025653585131363,1,0.0019381719694324237,,0.0019381719694324237,0.0019381719694324237,1,0.867022801159085,,0.867022801159085,0.867022801159085,1,2.093834816367564,,2.093834816367564,2.093834816367564,1,1.7379377178915645,,1.7379377178915645,1.7379377178915645,1,4.197068978503204,,4.197068978503204,4.197068978503204,1,6.968695764316146e-05,,6.968695764316146e-05,6.968695764316146e-05,1,1,,,,,,
